Title,Price
"1-16 of over 50,000 results for","₹59,900"
,"₹99,900"
"""iphone""","₹1,19,900"
Apple,"₹67,777"
"iPhone 16e 128 GB: Built for Apple Intelligence, A18 Chip, Supersized Battery Life, 48MP Fusion. Camera, 15.40 cm (6.1″) Super Retina XDR Display; Black","₹79,999"
Apple,"₹99,900"
"iPhone Air 256 GB: Thinnest iPhone Ever, 16.63 cm (6.5″) Display with Promotion up to 120Hz, Powerful A19 Pro Chip, Center Stage Front Camera, All-Day Battery Life; Space Black","₹1,19,900"
Google,"₹33,999"
"Pixel 10 5G (Obsidian, 12GB RAM, 256GB Storage)","₹40,999"
Apple,"₹1,19,900"
"iPhone Air 256 GB: Thinnest iPhone Ever, 16.63 cm (6.5″) Display with Promotion up to 120Hz, Powerful A19 Pro Chip, Center Stage Front Camera, All-Day Battery Life; Cloud White","₹82,490"
OnePlus,"₹84,900"
"Nord CE6 | 8GB+128GB | Pitch Black | Snapdragon 7s Gen 4 | Segment's Fastest Touch Response | 8000mAh Battery | 144Hz 1.5K AMOLED Display | 50MP Main + 32MP Selfie 4K Cameras | IP66,68,69,69K","₹57,999"
Apple,"₹72,999"
"iPhone Air 256 GB: Thinnest iPhone Ever, 16.63 cm (6.5″) Display with Promotion up to 120Hz, Powerful A19 Pro Chip, Center Stage Front Camera, All-Day Battery Life; Light Gold","₹76,999"
Apple,"₹87,999"
"iPhone 17e 512 GB: 15.40 cm (6.1″) Super Retina XDR Display, A19 Chip, All-Day Battery Life, 48MP Fusion Camera, 256GB Starting Storage; White","₹54,999"
OnePlus,"₹56,999"
13 | Smarter with OnePlus AI | Lifetime Display Warranty |12GB RAM 256GB Storage Midnight Ocean | Official Smartphone for BGMS 2025,"₹85,999"
Samsung,"₹89,999"
"Galaxy S26 5G (Cobalt Violet, 12GB RAM, 256GB Storage), AI Phone, Photo Assist, Creative Studio, 50MP Camera with ProVisual Engine, Powerful Customized Processor and 4300mAh Battery","₹42,999"
Apple,"₹52,999"
"iPhone 17e 256 GB: 15.40 cm (6.1″) Super Retina XDR Display, A19 Chip, All-Day Battery Life, 48MP Fusion Camera, 256GB Starting Storage; Black","₹54,999"
iQOO,"₹57,999"
"15R (Triumph Silver, 12GB RAM, 256GB Storage) | Snapdragon® 8 Gen 5 Processor | India’s Slimmest Smartphone in 7600mAh Battery* | Segment's Most Stable 144FPS Gaming*","₹1,24,999"
OnePlus,"₹1,39,999"
